<?xml version="1.0" encoding="UTF8"?>
<!--
  ~ Licensed to the Apache Software Foundation (ASF) under one or more
  ~ contributor license agreements. See the NOTICE file distributed with
  ~ this work for additional information regarding copyright ownership.
  ~ The ASF licenses this file to You under the Apache license, Version 2.0
  ~ (the "License"); you may not use this file except in compliance with
  ~ the License. You may obtain a copy of the License at
  ~
  ~      http://www.apache.org/licenses/LICENSE-2.0
  ~
  ~ Unless required by applicable law or agreed to in writing, software
  ~ distributed under the License is distributed on an "AS IS" BASIS,
  ~ WITHOUT WARRANTIES OR CONDITIONS OF ANY KIND, either express or implied.
  ~ See the license for the specific language governing permissions and
  ~ limitations under the license.
  -->
<toolchains>
  <!-- JDK toolchains -->
  <toolchain>
    <type>jdk</type>
    <provides>
      <version>1.8</version>
      <vendor>sun</vendor>
    </provides>
    <configuration>
      <jdkHome>F:\jenkins\tools\java\latest1.8</jdkHome>
    </configuration>
  </toolchain>
  <toolchain>
    <type>jdk</type>
    <provides>
      <version>9</version>
      <vendor>sun</vendor>
    </provides>
    <configuration>
      <jdkHome>F:\jenkins\tools\java\latest9</jdkHome>
    </configuration>
  </toolchain>
  <toolchain>
    <type>jdk</type>
    <provides>
      <version>10</version>
      <vendor>sun</vendor>
    </provides>
    <configuration>
      <jdkHome>F:\jenkins\tools\java\latest10</jdkHome>
    </configuration>
  </toolchain>
  <toolchain>
    <type>jdk</type>
    <provides>
      <version>11</version>
      <vendor>sun</vendor>
    </provides>
    <configuration>
      <jdkHome>F:\jenkins\tools\java\latest11</jdkHome>
    </configuration>
  </toolchain>
  <toolchain>
    <type>jdk</type>
    <provides>
      <version>12</version>
      <vendor>sun</vendor>
    </provides>
    <configuration>
      <jdkHome>F:\jenkins\tools\java\latest12</jdkHome>
    </configuration>
  </toolchain>
  <toolchain>
    <type>jdk</type>
    <provides>
      <version>13</version>
      <vendor>sun</vendor>
    </provides>
    <configuration>
      <jdkHome>F:\jenkins\tools\java\latest13</jdkHome>
    </configuration>
  </toolchain>
  <toolchain>
    <type>jdk</type>
    <provides>
      <version>14</version>
      <vendor>sun</vendor>
    </provides>
    <configuration>
      <jdkHome>F:\jenkins\tools\java\latest14</jdkHome>
    </configuration>
  </toolchain>
  <!--toolchain>
    <type>jdk</type>
    <provides>
      <version>15</version>
      <vendor>sun</vendor>
    </provides>
    <configuration>
      <jdkHome>F:\jenkins\tools\java\latest15</jdkHome>
    </configuration>
  </toolchain-->
  <!-- other toolchains -->
</toolchains>
