<?xml version="1.0" encoding="UTF8"?>
<!--
  ~ Licensed to the Apache Software Foundation (ASF) under one or more
  ~ contributor license agreements. See the NOTICE file distributed with
  ~ this work for additional information regarding copyright ownership.
  ~ The ASF licenses this file to You under the Apache license, Version 2.0
  ~ (the "License"); you may not use this file except in compliance with
  ~ the License. You may obtain a copy of the License at
  ~
  ~      http://www.apache.org/licenses/LICENSE-2.0
  ~
  ~ Unless required by applicable law or agreed to in writing, software
  ~ distributed under the License is distributed on an "AS IS" BASIS,
  ~ WITHOUT WARRANTIES OR CONDITIONS OF ANY KIND, either express or implied.
  ~ See the license for the specific language governing permissions and
  ~ limitations under the license.
  -->
<toolchains>
  <!-- JDK toolchains -->
  <toolchain>
    <type>jdk</type>
    <provides>
      <version>1.7</version>
      <vendor>sun</vendor>
    </provides>
    <configuration>
      <jdkHome>/usr/lib/jvm/java-7-openjdk-amd64</jdkHome>
    </configuration>
  </toolchain>
  <toolchain>
    <type>jdk</type>
    <provides>
      <version>1.8</version>
      <vendor>sun</vendor>
    </provides>
    <configuration>
      <jdkHome>/usr/lib/jvm/java-8-openjdk-amd64</jdkHome>
    </configuration>
  </toolchain>
  <toolchain>
    <type>jdk</type>
    <provides>
      <version>9</version>
      <vendor>sun</vendor>
    </provides>
    <configuration>
      <jdkHome>/usr/lib/jvm/java-9-openjdk-amd64</jdkHome>
    </configuration>
  </toolchain>

  <!-- other toolchains -->
</toolchains>
